model,train-data,test-data,accuracy,precision,recall,f1_score
CNN,original,original,0.9775206611570247,0.9775580068467098,0.9709104646769928,0.9742228961334344
CNN,original,rewritten,0.851900826446281,0.9159144893111639,0.7283717415942577,0.8114478114478114
CNN,combined,original,0.9733884297520661,0.9683496608892238,0.9709104646769928,0.9696283720052821
CNN,combined,rewritten,0.9148760330578513,0.8930678466076696,0.9149981110691349,0.9038999813398022
CNN,rewritten,original,0.9383471074380165,0.9694467382328654,0.887041934265206,0.926415466561452
CNN,rewritten,rewritten,0.9026446280991736,0.8874246987951807,0.8904420098224405,0.8889307938902508
