model,train-data,test-data,accuracy,precision,recall,f1_score
LSTM,original,original,0.9839669421487603,0.9844224924012158,0.9788439743105403,0.9816253078234514
LSTM,original,rewritten,0.8257851239669421,0.9154929577464789,0.663014733660748,0.7690622261174408
LSTM,combined,original,0.9811570247933884,0.9791903140370791,0.977710615791462,0.9784499054820416
LSTM,combined,rewritten,0.931900826446281,0.9149647233568511,0.9308651303362296,0.9228464419475655
LSTM,rewritten,original,0.9499173553719008,0.9834983498349835,0.9006422364941443,0.940248471701834
LSTM,rewritten,rewritten,0.924297520661157,0.9247186651144742,0.9002644503211182,0.9123277182235835
