model,train-data,test-data,accuracy,precision,recall,f1_score
SVM,original,original,0.9697520661157025,0.9642049736247174,0.9667548167737061,0.9654782116581777
SVM,original,rewritten,0.8661157024793389,0.8930252460419341,0.7884397431054023,0.8374799357945425
SVM,combined,original,0.964793388429752,0.9595921450151057,0.9599546656592368,0.9597733711048159
SVM,combined,rewritten,0.9165289256198347,0.9053747161241483,0.9036645258783529,0.9045188126299868
SVM,rewritten,original,0.9348760330578513,0.9672335130651182,0.8809973554967888,0.9221035982601818
SVM,rewritten,rewritten,0.9168595041322314,0.910727969348659,0.8979977332829618,0.9043180521209816
